{"cameraMode":{"drawMode":0,"name":"Shaded","section":"Shading Mode"},"sceneLighting":true,"audioPlay":false,"sceneViewState":{"m_AlwaysRefresh":false,"showFog":true,"showSkybox":false,"showFlares":true,"showImageEffects":true,"showParticleSystems":true,"showVisualEffectGraphs":true,"m_FxEnabled":true},"in2DMode":false,"pivot":{"x":3.4841420650482179,"y":11.777957916259766,"z":-19.8712100982666},"rotation":{"x":0.2948005795478821,"y":-0.030092839151620866,"z":0.009294192306697369,"w":0.9550485610961914},"size":0.8660253882408142,"orthographic":false}