{"cameraMode":{"drawMode":0,"name":"Shaded","section":"Shading Mode"},"sceneLighting":false,"audioPlay":false,"sceneViewState":{"m_AlwaysRefresh":false,"showFog":true,"showSkybox":false,"showFlares":true,"showImageEffects":true,"showParticleSystems":true,"showVisualEffectGraphs":true,"m_FxEnabled":true},"in2DMode":false,"pivot":{"x":0.4816274344921112,"y":4.137947082519531,"z":-8.570091247558594},"rotation":{"x":0.15505746006965638,"y":-0.20841166377067567,"z":0.03353287652134895,"w":0.9651206731796265},"size":0.0487726628780365,"orthographic":false}