{"cameraMode":{"drawMode":0,"name":"Shaded","section":"Shading Mode"},"sceneLighting":false,"audioPlay":false,"sceneViewState":{"m_AlwaysRefresh":false,"showFog":true,"showSkybox":false,"showFlares":true,"showImageEffects":true,"showParticleSystems":true,"showVisualEffectGraphs":true,"m_FxEnabled":true},"in2DMode":false,"pivot":{"x":0.8820476531982422,"y":-0.12145471572875977,"z":-1.4576897621154786},"rotation":{"x":0.3283139169216156,"y":0.4077380895614624,"z":-0.15989714860916139,"w":0.8369466066360474},"size":11.838235855102539,"orthographic":false}